achrafelomari,Achraf ELOMARI
aissam,Aissam BELHACHMI
ammouri-ahmed,Ahmed AMMOURI
chitti-amar,Amar CHITTI
dichoso,Mischaël Dichoso GANSE
elkesri.othmane,0thmane EL KESRI
feideus,Ulrich Erwan
herintsoa.hasina90,Herintsoa Hasina Razafinandrianilana
mansouri,Asma Mansouri
mohamed,Mohamed Bourkha
nawfel_bgh,BENGHERBIA Nawfel
nesrine.setitra,Nesrine Setitra
rarinjaka,Arinjaka RANDRIAMBOLOLONA
sow_thierno,Thierno Ciré SOW
amal_naciri,Amal Naciri
dahmani_abir,Abir dahmani
ouali_omar,Omar OUALI
